Aaliyah;2;2
Aaron;1;2
Abbey;2;2
Abbie;2;2
Abby;2;2
Abe;1;2
Abel;1;10
Abele;1;1
Abigail;2;6
Abner;1;2
Abraham;1;2
Abram;1;2
Absolon;1;8
Acacia;2;2
Ace;1;2
Achille;1;9
Ada;2;7
Adair;1;2
Adalbert;1;4
Adalberto;1;1
Adam;1;14
Adamina;2;2
Adamo;1;1
Addison;3;2
Addy;2;2
Adela;2;2
Adelaide;2;3
Adélaïde;2;8
Adelbert;1;4
Adele;2;7
Adèle;2;8
Adelheid;2;4
Adelia;2;2
Adelina;2;5
Adeline;2;10
Adolf;1;4
Adolfo;1;1
Adolph;1;2
Adolphe;1;8
Adria;2;2
Adrian;1;6
Adriana;2;3
Adrianna;2;2
Adrianne;2;2
Adriano;1;1
Adrien;1;8
Adrienne;2;8
Agapito;1;1
Agata;2;1
Agatha;2;2
Agathe;2;12
Aglaé;2;8
Agnes;2;6
Agnès;2;8
Agnese;2;1
Agostina;2;1
Agostino;1;1
Aidan;1;2
Aimé;1;8
Aimée;2;8
Ainsley;3;2
Al;1;2
Alain;1;8
Alan;1;10
Alanis;2;2
Alba;2;1
Alban;1;14
Albano;1;1
Alberico;1;1
Albert;1;14
Alberta;2;3
Albertina;2;5
Albertine;2;8
Alberto;1;1
Albina;2;1
Albine;2;12
Albrecht;1;4
Alda;2;1
Alden;1;2
Aldo;1;1
Aldous;1;2
Aldric;1;8
Ale;3;1
Alec;1;2
Aleida;2;4
Alena;2;5
Alessa;2;1
Alessandra;2;1
Alessandro;1;1
Alessia;2;1
Alessio;1;1
Alethea;2;2
Alex;3;15
Alexa;2;2
Alexander;1;6
Alexandra;2;14
Alexandre;1;8
Alexandria;2;2
Alexandrina;2;2
Alexandrine;2;12
Alexia;2;6
Alexina;2;2
Alexis;3;14
Alf;1;2
Alfeo;1;1
Alfie;1;2
Alfons;1;4
Alfonsina;2;1
Alfonso;1;1
Alfred;1;14
Alfreda;2;7
Alfredo;1;1
Algar;1;2
Algernon;1;2
Ali;2;2
Alice;2;11
Alicia;2;2
Alina;2;5
Aline;2;10
Alison;2;10
Allegra;2;3
Allen;1;2
Allie;2;2
Allison;2;2
Ally;2;2
Alma;2;3
Alois;1;4
Aloisia;2;4
Alonzo;1;1
Aloysius;1;6
Alpha;3;2
Alphonse;1;8
Alphonsine;2;8
Alton;1;2
Alvena;2;2
Alvin;1;2
Alvina;2;2
Alvise;1;1
Alwin;1;4
Amabel;2;2
Amable;1;8
Amadeo;1;1
Amalia;2;7
Amalie;2;4
Amand;1;4
Amanda;2;7
Amandine;2;8
Amando;1;1
Amaranta;2;1
Amarante;2;8
Amato;1;1
Amaury;1;8
Amber;2;2
Ambra;2;1
Ambre;2;8
Ambrogino;1;1
Ambrogio;1;1
Ambroise;1;8
Ambrose;1;2
Ambrosine;2;2
Amedea;2;1
Amédée;1;8
Amedeo;1;1
Amelia;2;7
Amelie;2;4
Amélie;2;8
America;2;2
Amerigo;1;1
Amethyst;2;2
Amie;2;2
Amilcare;1;1
Amity;2;2
Amos;1;3
Ampelio;1;1
Amy;2;2
Amyas;1;2
Anacleto;1;1
Anaïs;2;8
Anastacia;2;2
Anastasia;2;3
Anastasie;2;8
Anastasio;1;1
Anatole;1;8
Anderson;1;2
Andi;3;6
Andre;1;2
André;1;8
Andrea;1;1
Andrea;2;6
Andreas;1;4
Andrée;2;8
Andreina;2;1
Andrew;1;2
Andriana;2;2
Andrina;2;2
Andy;1;2
Anemone;2;2
Angel;3;2
Angela;2;7
Angèle;2;8
Angelica;2;3
Angelika;2;4
Angelina;2;7
Angeline;2;8
Angelino;1;1
Angélique;2;8
Angelo;1;1
Angie;2;2
Angus;1;2
Anima;2;3
Anise;2;2
Anissa;2;2
Anita;2;3
Aniya;2;2
Anja;2;4
Ann;2;6
Anna;2;15
Annabel;2;2
Annabella;2;3
Annabelle;2;8
Annabeth;2;2
Annalee;2;2
Annalisa;2;1
Annalise;2;2
Anne;2;14
Annegret;2;4
Anneliese;2;4
Annemarie;2;4
Annetta;2;1
Annette;2;10
Annibale;1;1
Annie;2;6
Annika;2;6
Annis;2;2
Annmarie;2;2
Annunziata;2;1
Annunziato;1;1
Anona;2;2
Anouk;2;8
Ansel;1;6
Anselm;1;6
Anselma;2;5
Anselme;1;8
Anselmo;1;1
Ansgar;1;4
Anson;1;2
Anthony;1;2
Antoine;1;8
Antoinette;2;8
Anton;1;4
Antonella;2;1
Antonello;1;1
Antonette;2;2
Antonia;2;7
Antonietta;2;1
Antonin;1;8
Antonina;2;1
Antonino;1;1
Antonio;1;1
Apollinaire;1;8
Apolline;2;8
April;2;2
Arabella;2;3
Araminta;2;2
Arcangelo;1;1
Archibald;1;2
Archie;1;2
Arden;3;2
Arduino;1;1
Arend;1;4
Aretha;2;2
Aria;2;3
Ariane;2;12
Arianna;2;1
Ariel;3;10
Ariella;2;3
Arielle;2;8
Aristide;1;9
Arlen;1;2
Arlette;2;8
Arlie;3;2
Arline;2;2
Arlo;1;2
Armand;1;8
Armando;1;1
Armel;1;8
Armelle;2;8
Armida;2;1
Armin;1;4
Arnaldo;1;1
Arnaud;1;8
Arnaude;2;8
Arndt;1;4
Arnfried;1;4
Arnie;1;2
Arnold;1;6
Aroldo;1;1
Arrigo;1;1
Arsène;1;8
Arsenio;1;1
Art;1;6
Artemio;1;1
Artemisia;2;1
Arthur;1;14
Arturo;1;1
Arvel;1;2
Asdrubale;1;1
Ash;3;2
Asher;1;2
Ashley;3;2
Ashlyn;2;2
Ashton;3;2
Asia;2;3
Aspen;2;2
Assunta;2;1
Aston;3;2
Astor;1;2
Astra;2;2
Astrid;2;12
Athénaïs;2;8
Attilio;1;1
Auberon;1;2
Aubert;1;8
Aubin;1;8
Aubrey;3;2
Aude;2;8
Audie;2;2
Audley;1;2
Audrey;2;2
August;1;6
Augusta;2;7
Auguste;2;4
Auguste;1;8
Augustin;1;8
Augustine;1;2
Augustine;2;12
Augusto;1;1
Aura;2;2
Aurel;1;4
Aurèle;1;8
Aurelia;2;1
Aureliana;2;1
Aureliano;1;1
Aurélie;2;8
Aurélien;1;8
Aurelio;1;1
Aureole;2;2
Aurora;2;7
Aurore;2;8
Austin;1;2
Autumn;2;2
Ava;2;7
Avalon;2;2
Aveline;2;2
Averill;3;2
Avery;3;2
Avila;2;2
Avis;2;2
Avril;2;10
Axel;1;4
Axelle;2;8
Aylmer;1;2
Azalea;2;2
Azura;2;2
Azure;2;2
Azzurra;2;1
Babette;2;8
Babs;2;2
Bailey;3;2
Baldassarre;1;1
Baldo;1;1
Baldovino;1;1
Baldric;1;2
Baldur;1;4
Baldwin;1;2
Balfour;1;2
Bambi;2;2
Baptist;1;4
Baptiste;1;8
Barb;2;2
Barbara;2;15
Bärbel;2;4
Barbie;2;2
Barclay;1;2
Barnabas;1;6
Barnabé;1;8
Barnaby;1;2
Barney;1;2
Barrett;1;2
Barrie;1;2
Barry;1;2
Bart;1;2
Barthélémy;1;8
Bartholomäus;1;4
Bartholomew;1;2
Bartolomeo;1;1
Basil;1;2
Basile;1;8
Basilio;1;1
Bastian;1;4
Bastien;1;8
Battista;1;1
Baudouin;1;8
Baxter;1;2
Bea;2;7
Beat;1;4
Beata;2;5
Beatrice;2;3
Béatrice;2;8
Beatrix;2;6
Beau;1;2
Beaumont;1;2
Beauregard;1;2
Becka;2;2
Beckah;2;2
Beckett;1;2
Becky;2;2
Bee;2;2
Belinda;2;2
Bella;2;3
Belle;2;2
Ben;1;6
Benedetta;2;1
Benedetto;1;1
Benedict;1;2
Bénédicte;2;8
Benedikt;1;4
Benedikta;2;4
Beniamino;1;1
Benigna;2;1
Benigno;1;1
Benito;1;1
Benjamin;1;14
Benjamine;2;8
Bennett;1;2
Benny;1;2
Benoit;1;8
Benoite;2;8
Benson;1;2
Bentley;1;2
Benton;1;2
Benvenuto;1;1
Beppe;1;1
Bérengère;2;8
Berenice;2;3
Bernadette;2;10
Bernadine;2;2
Bernard;1;10
Bernarda;2;1
Bernardetta;2;1
Bernardina;2;1
Bernardine;2;8
Bernardino;1;1
Bernardo;1;1
Bernetta;2;2
Bernhard;1;4
Bernie;3;2
Berry;2;2
Bert;1;6
Berta;2;1
Bertha;2;6
Berthe;2;8
Berthold;1;4
Bertie;3;2
Bertille;2;8
Bertina;2;2
Bertoldo;1;1
Bertram;1;6
Bertrand;1;10
Bertrando;1;1
Beryl;2;2
Bess;2;2
Beth;2;2
Bethany;2;2
Betony;2;2
Betsy;2;2
Bettie;2;2
Bettina;2;5
Bettino;1;1
Betty;2;2
Beulah;2;2
Beverly;3;2
Bevis;1;2
Biaggio;1;1
Biagino;1;1
Biagio;1;1
Bianca;2;1
Bianka;2;4
Bibiana;2;1
Bice;2;1
Biddy;2;2
Biff;1;2
Bill;1;2
Billie;1;2
Billy;1;2
Bindy;2;2
Bishop;1;2
Björn;1;4
Blaine;1;2
Blair;3;2
Blaise;1;8
Blake;1;2
Blanche;2;10
Blandine;2;8
Blaze;1;2
Blondie;2;2
Blossom;2;2
Blythe;3;2
Bob;1;2
Bobbi;2;2
Bobby;1;2
Bonaventura;1;1
Boniface;1;10
Bonifacio;1;1
Bonifaz;1;4
Bonita;2;2
Bonnie;2;2
Booker;1;2
Boris;1;5
Boyce;1;2
Boyd;1;2
Brad;1;2
Braden;1;2
Bradford;1;2
Bradley;1;2
Brady;1;2
Braelyn;2;2
Brandon;1;2
Brandy;2;2
Brannon;1;2
Branson;1;2
Brant;1;2
Braxton;1;2
Brenda;2;2
Brendan;1;2
Brenna;2;2
Brennan;1;2
Brent;1;2
Brenton;1;2
Brett;3;2
Brian;1;2
Briana;2;2
Brianna;2;2
Brianne;2;2
Briar;3;2
Brice;1;10
Bridger;1;2
Bridget;2;2
Briella;2;2
Brielle;2;2
Brigham;1;2
Brigida;2;1
Brigitta;2;5
Brigitte;2;12
Briscoe;1;2
Bristol;1;2
Britannia;2;2
Britney;2;2
Brittany;2;2
Britton;1;2
Brock;1;2
Brody;1;2
Bronte;3;2
Brooke;2;2
Brooklyn;2;2
Bruce;1;2
Bruna;2;1
Brunella;2;1
Brunhilde;2;4
Brunilda;2;1
Bruno;1;13
Bryanne;2;2
Bryant;1;2
Brynne;2;2
Bryony;2;2
Bryson;1;2
Buck;1;2
Bud;1;2
Buddy;1;2
Buffy;2;2
Bunny;2;2
Burchard;1;4
Burgundy;2;2
Burke;1;2
Burkhard;1;4
Burkhart;1;4
Burt;1;2
Burton;1;2
Buster;1;2
Byrne;1;2
Byron;1;2
Bysshe;1;2
Cäcilia;2;4
Cäcilie;2;4
Cade;1;2
Caden;1;2
Cadence;2;2
Caelan;3;2
Cairo;1;2
Caitlin;2;2
Cal;1;2
Calanthe;2;2
Calanthia;2;2
Cale;1;2
Caleb;1;2
Calista;2;2
Calixte;1;8
Calla;2;2
Callahan;1;2
Callie;2;2
Callisto;1;1
Calogera;2;1
Calogero;1;1
Calvin;1;2
Camden;1;2
Camellia;2;2
Cameron;3;2
Camilla;2;3
Camille;3;10
Camillo;1;1
Cammie;2;2
Candace;2;2
Candida;2;3
Candy;2;2
Caprice;2;2
Capricia;2;2
Capucine;2;8
Cara;2;6
Carey;3;2
Carina;2;7
Carine;2;8
Carl;1;6
Carla;2;7
Carlene;2;2
Carley;2;2
Carlie;2;2
Carlisa;2;2
Carlisle;1;2
Carlo;1;1
Carlotta;2;1
Carly;2;2
Carmel;2;2
Carmela;2;1
Carmella;2;2
Carmelo;1;1
Carmen;2;3
Carmina;2;1
Carmine;1;1
Carol;3;2
Carola;2;5
Carole;2;8
Carolin;2;4
Carolina;2;1
Caroline;2;14
Carran;1;2
Carreen;2;2
Carrie;2;2
Carry;2;2
Carson;3;2
Carsten;1;4
Carter;1;2
Carver;1;2
Casey;3;2
Cash;1;2
Casimir;1;14
Casimiro;1;1
Cassandra;2;15
Cassarah;2;2
Cassidy;3;2
Cassius;1;2
Catarina;2;1
Caterina;2;1
Catherine;2;14
Cecil;1;2
Cécile;2;8
Cecilia;2;7
Cecilio;1;1
Cecily;2;2
Cedar;2;2
Cedric;1;2
Celandine;2;2
Celeste;3;3
Céleste;3;8
Célestin;1;8
Celestina;2;1
Celestine;3;2
Célestine;2;8
Celestino;1;1
Celia;2;3
Celinda;2;2
Céline;2;8
Celino;1;1
Celio;1;1
Celso;1;1
Cerise;2;8
Césaire;1;8
César;1;8
Cesare;1;1
Cesarina;2;1
Cesarino;1;1
Chad;1;2
Chadwick;1;2
Chalice;2;2
Chance;1;2
Chandler;1;2
Chanel;2;2
Channing;3;2
Chantal;2;10
Charis;2;2
Charisma;2;2
Charissa;2;2
Charisse;2;2
Charity;2;2
Charla;2;2
Charlene;2;2
Charles;1;10
Charlie;3;2
Charline;2;8
Charlot;1;8
Charlotte;2;14
Charlton;1;2
Charmaine;2;2
Charmian;2;2
Charnette;2;2
Chas;1;2
Chase;1;2
Chastity;2;2
Chauncey;1;2
Chaz;1;2
Chelle;2;2
Chelsea;2;2
Cher;2;2
Cherette;2;2
Cherie;2;2
Cherilyn;2;2
Cherish;2;2
Cherokee;3;2
Cherry;2;2
Cheryl;2;2
Chesley;1;2
Chester;1;2
Chet;1;2
Cheyenne;3;2
Chiara;2;1
Chiarina;2;1
China;2;2
Chip;1;2
Chloe;2;2
Chloé;2;8
Chris;3;2
Chrissie;2;2
Chrissy;2;2
Christa;2;6
Christabel;2;2
Christel;2;4
Christelle;2;8
Christi;2;2
Christian;1;15
Christiane;2;12
Christie;2;2
Christin;2;4
Christina;2;6
Christine;2;14
Christmas;3;2
Christoph;1;4
Christophe;1;8
Christopher;1;2
Christy;2;2
Chrysanta;2;2
Chuck;1;2
Cindra;2;2
Cindy;2;2
Cinzia;2;1
Cipriano;1;1
Ciriaco;1;1
Cirillo;1;1
Cirino;1;1
Ciro;1;1
Claire;2;10
Clancy;1;2
Clara;2;7
Clarence;1;2
Claretta;2;1
Clarette;2;2
Claribel;2;2
Clarice;2;2
Clarinda;2;2
Clarissa;2;3
Clarisse;2;8
Clarity;2;2
Clark;1;2
Claude;3;10
Claudette;2;8
Claudia;2;7
Claudie;2;8
Claudine;2;8
Claudio;1;1
Claus;1;4
Clay;1;2
Clayton;1;2
Clelia;2;1
Clem;1;2
Clematis;2;2
Clemence;2;2
Clémence;2;8
Clemens;1;4
Clement;1;2
Clément;1;8
Clemente;1;1
Clementina;2;1
Clementine;2;8
Cleo;2;2
Cleto;1;1
Cletus;1;2
Cleve;1;2
Cleveland;1;2
Cliff;1;2
Clifford;1;2
Clifton;1;2
Clint;1;2
Clinton;1;2
Clio;2;1
Clive;1;2
Cloé;2;8
Clothilde;2;8
Clotilda;2;2
Clotilde;2;8
Clover;2;2
Clovis;1;8
Clyde;1;2
Coby;3;2
Cody;1;2
Cohen;1;2
Colbert;1;2
Colby;1;2
Cole;1;2
Coleman;1;2
Colette;2;8
Colin;1;2
Coline;2;8
Colleen;2;2
Colomba;2;1
Colombano;1;1
Colombe;2;8
Colombina;2;1
Colombo;1;1
Colton;1;2
Columbine;2;2
Côme;1;8
Comfort;2;2
Concetta;2;1
Concettina;2;1
Concetto;1;1
Connell;1;2
Connie;3;2
Conor;1;2
Conrad;1;6
Consolata;2;1
Constance;2;10
Constant;1;10
Constantin;1;8
Constanze;2;4
Conway;1;2
Cooper;1;2
Cora;2;6
Coral;2;2
Coralie;2;8
Corbin;1;2
Corbinian;1;4
Cordelia;2;2
Cordell;1;2
Corentin;1;8
Coretta;2;2
Corey;1;2
Cori;2;2
Coriander;2;2
Corin;1;8
Corinna;2;6
Corinne;2;10
Cornelia;2;7
Cornélie;2;8
Cornelio;1;1
Cornelius;1;6
Cornell;1;2
Corradino;1;1
Corrado;1;1
Corrie;2;2
Corwin;1;2
Cosette;2;8
Cosima;2;1
Cosimo;1;1
Cosma;1;1
Cosme;1;8
Cosmo;1;2
Costantino;1;1
Costanzo;1;1
Courtney;3;2
Craig;1;2
Crawford;1;2
Cree;1;2
Creighton;1;2
Crescentia;2;4
Crescenzo;1;1
Crispin;1;2
Cristian;1;1
Cristiana;2;1
Cristiano;1;1
Cristina;2;1
Cristoforo;1;1
Crocetta;2;1
Crocifissa;2;1
Crofton;1;2
Crystal;2;2
Cullen;1;2
Cunégonde;2;8
Curtis;1;2
Cuthbert;1;2
Cyan;2;2
Cynthia;2;2
Cyrielle;2;8
Cyril;1;10
Cyrilla;2;2
Cyrille;3;8
Cyrus;1;2
Dacre;1;2
Daffodil;2;2
Dafne;2;1
Dagmar;2;4
Dahlia;2;2
Daisy;2;2
Dakota;3;2
Dale;3;2
Daley;1;2
Dallas;1;2
Dalton;1;2
Damian;1;2
Damiana;2;1
Damiano;1;1
Damien;1;8
Damon;1;2
Dan;1;2
Dana;3;6
Danette;2;2
Dani;2;2
Danica;2;2
Daniel;1;14
Daniela;2;5
Daniele;1;1
Danièle;2;8
Danielle;2;10
Danilo;1;1
Danita;2;2
Danni;1;2
Danny;1;2
Dante;1;1
Daphne;2;2
Daphné;2;8
Darby;3;2
Darcy;3;2
Darden;1;2
Daria;2;3
Darian;3;2
Dario;1;1
Darius;1;2
Darla;2;2
Darlene;2;2
Darnell;1;2
Darrell;1;2
Darren;1;2
Darwin;1;2
Dashiell;1;2
Dave;1;2
David;1;15
Davide;1;1
Davin;1;2
Davina;2;2
Davis;1;2
Dawn;2;2
Dawson;1;2
Dax;1;2
Dayton;1;2
Deacon;1;2
Dean;1;2
Deanna;2;2
Deb;2;2
Debbie;2;2
Debby;2;2
Debora;2;5
Débora;2;8
Deborah;2;7
Dee;3;2
Deemer;1;2
Deforest;1;2
Deirdre;2;2
Delaney;2;2
Delano;1;2
Delbert;1;2
Delfina;2;1
Delia;2;3
Délia;2;8
Delicia;2;2
Delight;2;2
Delilah;2;2
Dell;3;2
Della;2;2
Delma;2;2
Delmar;1;2
Delora;2;2
Delphia;2;2
Delphine;2;8
Delroy;1;2
Delta;2;2
Demelza;2;2
Demetrio;1;1
Den;1;2
Dena;2;2
Denholm;1;2
Denis;1;15
Denise;2;11
Dennis;1;15
Denny;1;15
Denton;1;2
Denver;1;2
Denzel;1;2
Déodat;1;8
Derek;1;2
Des;1;2
Desideria;2;1
Desiderio;1;1
Désiré;1;8
Desiree;2;2
Désirée;2;8
Desmond;1;2
Destiny;2;2
Detta;2;2
Devereux;1;2
Devin;3;2
Dex;1;2
Dexter;1;2
Dezi;1;2
Diamond;2;2
Diana;2;7
Diane;2;10
Diantha;2;2
Dick;1;2
Didier;1;8
Dieter;1;4
Dietfried;1;4
Diethelm;1;4
Dietlinde;2;4
Dietmar;1;4
Dietrich;1;4
Dieudonné;1;8
Dieudonnée;2;8
Digby;1;2
Diggory;1;2
Dillon;1;2
Dimitri;1;8
Dina;2;3
Dinah;2;2
Dino;1;1
Diodore;1;8
Dion;1;2
Dione;2;2
Dionisio;1;1
Dionne;2;2
Dirk;1;6
Divina;2;2
Dixie;2;2
Dixon;1;2
Docia;2;2
Dodie;2;2
Dolly;2;2
Dolores;2;2
Dolph;1;2
Dom;1;2
Domenica;2;1
Domenico;1;1
Dominic;1;2
Dominica;2;2
Dominik;1;4
Dominique;3;8
Domitilla;2;1
Domitille;2;8
Don;1;2
Donald;1;2
Donat;1;8
Donata;2;1
Donatella;2;1
Donatello;1;1
Donatien;1;8
Donatienne;2;8
Donato;1;1
Donelle;2;2
Donna;2;2
Donnie;1;2
Donovan;1;2
Dora;2;3
Doreen;2;2
Doretta;2;2
Doria;2;2
Dorian;1;10
Doriane;2;8
Doriano;1;1
Dorinda;2;2
Doris;2;6
Dorita;2;2
Dorotea;2;1
Dorothea;2;6
Dorothée;2;8
Dorothy;2;2
Dot;2;2
Dottie;2;2
Dotty;2;2
Doug;1;2
Douglas;1;2
Dove;2;2
Drake;1;2
Dre;1;2
Drea;2;2
Drew;1;2
Drina;2;2
Driscoll;1;2
Drummond;1;2
Duane;1;2
Dudley;1;2
Duilio;1;1
Duke;1;2
Dulcie;2;2
Duncan;1;2
Dunstan;1;2
Durante;1;1
Durward;1;2
Dustin;1;2
Dusty;3;2
Dutch;1;2
Dwayne;1;2
Dwight;1;2
Dylan;1;2
Dyson;1;2
Earl;1;2
Earleen;2;2
Earlene;2;2
Earline;2;2
Eartha;2;2
Easter;2;2
Easton;1;2
Ebba;2;6
Ebbe;1;4
Eben;1;2
Eberhard;1;4
Ebony;2;2
Eckart;1;4
Eckbert;1;4
Eckehard;1;4
Eckhard;1;4
Eckhart;1;4
Ed;1;2
Edda;2;1
Eddie;1;2
Eddy;1;2
Eden;3;2
Edgar;1;10
Edgard;1;8
Edison;1;2
Edith;2;6
Édith;2;8
Edmée;2;8
Edmond;1;8
Edmonda;2;1
Edmondo;1;1
Edmund;1;6
Edna;2;3
Edoardo;1;1
Édouard;1;8
Edric;1;2
Eduard;1;4
Edvige;2;1
Edward;1;2
Edwige;2;8
Edwin;1;2
Edwina;2;2
Edytha;2;2
Efisio;1;1
Egbert;1;2
Egidio;1;1
Eglantine;2;2
Egon;1;4
Eileen;2;2
Eireann;2;2
Ekkehard;1;4
Ekkehardt;1;4
Elaine;2;2
Elda;2;1
Eldon;1;2
Eldred;1;2
Elea;2;2
Eleanor;2;2
Elena;2;5
Eleonor;2;2
Eleonora;2;5
Eleonore;2;4
Eléonore;2;8
Elettra;2;1
Eleuterio;1;1
Elfreda;2;2
Elfriede;2;4
Eli;1;2
Elia;1;1
Eliana;2;1
Éliane;2;8
Elias;1;6
Élie;1;8
Eligio;1;1
Elijah;1;2
Elio;1;1
Eliott;1;2
Elisa;2;7
Elisabeth;2;6
Élisabeth;2;8
Elisabetta;2;1
Elise;2;6
Élise;2;8
Eliseo;1;1
Elke;2;4
Ella;2;2
Elle;2;2
Ellen;2;2
Ellery;1;2
Elli;2;4
Ellie;2;2
Elliott;1;2
Ellis;1;2
Elma;2;4
Elmer;1;3
Elmira;2;2
Elmo;1;7
Élodie;2;8
Eloi;1;8
Eloisa;2;1
Eloise;2;2
Éloïse;2;8
Elpidio;1;1
Elroy;1;2
Elsa;2;7
Elsdon;1;2
Else;2;4
Elsie;2;2
Elton;1;2
Elvira;2;1
Elvire;2;8
Elvis;1;2
Elwood;1;2
Elyse;2;2
Emanuel;1;4
Emanuela;2;1
Emanuele;1;1
Emeline;2;8
Emerald;2;2
Émeric;1;8
Emerson;3;2
Emery;3;2
Emidio;1;1
Emil;1;6
Émile;1;8
Emilia;2;3
Emiliana;2;1
Emiliano;1;1
Emilie;2;4
Émilie;2;8
Émilien;1;8
Émilienne;2;8
Emilio;1;1
Emily;2;2
Emma;2;15
Emmanuel;1;10
Emmanuelle;2;8
Emmerich;1;4
Emmett;1;2
Enea;1;1
Engel;1;4
Engelbert;1;4
Enio;1;1
Ennio;1;1
Enola;2;2
Enrica;2;1
Enrico;1;1
Enzo;1;9
Epifanio;1;1
Epiphany;2;2
Erasmo;1;1
Ercole;1;1
Erdmann;1;4
Erhard;1;4
Eric;1;7
Éric;1;8
Erica;2;7
Erik;1;7
Erika;2;7
Erin;2;2
Ermanno;1;1
Ermelinda;2;1
Ermenegilda;2;1
Ermenegilde;1;8
Ermenegildo;1;1
Ermes;1;1
Ermete;1;1
Erminia;2;1
Erminio;1;1
Erna;2;4
Ernest;1;10
Ernesta;2;1
Ernestine;2;14
Ernesto;1;1
Ernst;1;4
Errol;1;2
Ersilia;2;1
Erskine;1;2
Erwin;1;4
Esme;3;2
Esmeralda;2;3
Esmond;1;2
Essence;2;2
Estelle;2;10
Esther;2;10
Ethan;1;10
Ethel;2;2
Ethelbert;1;2
Ethelyn;2;2
Étienne;1;8
Étiennette;2;8
Ettore;1;1
Eufemia;2;1
Eugen;1;4
Eugene;1;2
Eugène;1;8
Eugenia;2;3
Eugénie;2;8
Eugenio;1;1
Eulalia;2;3
Eulalie;2;8
Eunice;2;2
Euphrasie;2;8
Eusebio;1;1
Eustace;1;2
Eustache;1;8
Eustachio;1;1
Eustacia;2;2
Eustorgio;1;1
Eutimio;1;1
Eva;2;7
Evan;1;2
Evander;1;2
Evangeline;2;2
Évariste;1;8
Evaristo;1;1
Eve;2;10
Ève;2;8
Evelina;2;3
Eveline;2;8
Evelyn;3;6
Évelyne;2;8
Everard;1;2
Everett;1;2
Evert;1;4
Évrard;1;8
Ewald;1;4
Ewart;1;2
Ezekiel;1;2
Ezio;1;1
Ezra;1;2
Fabia;2;1
Fabian;1;4
Fabiana;2;1
Fabiano;1;1
Fabien;1;8
Fabienne;2;8
Fabio;1;1
Fabiola;2;13
Fabrice;1;8
Fabrizia;2;1
Fabrizio;1;1
Fae;2;2
Faith;2;2
Falk;1;4
Fallon;2;2
Fancy;2;2
Fanny;2;2
Farley;1;2
Faron;1;2
Farran;1;2
Farrell;1;2
Fausta;2;1
Faustina;2;1
Faustine;2;8
Faustino;1;1
Fausto;1;1
Fawn;2;2
Fay;2;2
Faye;2;2
Febe;2;1
Fedele;1;1
Federica;2;1
Federico;1;1
Federigo;1;1
Felice;1;1
Felicia;2;2
Feliciana;2;1
Feliciano;1;1
Felicie;2;4
Félicie;2;8
Félicien;1;8
Félicienne;2;8
Felicita;2;1
Felicitas;2;4
Félicité;2;8
Felicity;2;2
Felix;1;6
Félix;1;8
Fenton;1;2
Ferdinand;1;14
Ferdinanda;2;5
Ferdinando;1;1
Fern;2;2
Fernand;1;8
Fernanda;2;5
Fernande;2;8
Fernando;1;1
Ferruccio;1;1
Fester;1;4
Fiacre;1;8
Fiammetta;2;1
Filibert;1;4
Filiberto;1;1
Filippa;2;1
Filippo;1;1
Filomena;2;1
Fina;2;1
Finlay;1;2
Finley;1;2
Finnegan;1;2
Fiona;2;2
Fioralba;2;1
Fiorella;2;1
Fiorenza;2;1
Fiorenzo;1;1
Fiorino;1;1
Firmin;1;8
Firmino;1;1
Fitz;1;2
Fitzroy;1;2
Flanagan;1;2
Flannery;3;2
Flavia;2;1
Flavie;2;8
Flavio;1;1
Fletcher;1;2
Fleur;2;10
Fleurette;2;8
Flick;2;2
Flora;2;7
Flore;2;8
Florence;3;10
Florent;1;8
Florentin;1;8
Florentine;2;8
Florette;2;8
Florian;1;12
Floriana;2;1
Floriane;2;8
Florianne;2;8
Floriano;1;1
Florine;2;8
Flower;2;2
Floyd;1;2
Flynn;1;2
Ford;1;2
Forrest;1;2
Fortunata;2;1
Fortunato;1;1
Fortune;2;2
Foster;1;2
Fox;1;2
Fran;3;2
Franca;2;1
France;2;8
Frances;2;2
Francesca;2;1
Francesco;1;1
Francette;2;8
Francine;2;10
Francis;3;10
Franck;1;8
Franco;1;1
François;1;8
Françoise;2;8
Frank;1;14
Franklin;1;2
Franklyn;1;2
Franz;1;4
Franziska;2;4
Fraser;1;2
Frauke;2;4
Fred;1;10
Freda;2;2
Freddie;1;2
Freddy;1;2
Frédéric;1;8
Frederica;2;2
Frederick;1;2
Frédérique;2;8
Frediano;1;1
Fredo;1;1
Freeman;1;2
Frej;1;4
Freja;2;4
Freya;2;2
Frieda;2;4
Friedemann;1;4
Friederike;2;4
Friedhelm;1;4
Friedhold;1;4
Friedrich;1;4
Fritz;1;4
Frona;2;2
Fulbert;1;8
Fulgenzio;1;1
Fulton;1;2
Fulvia;2;1
Fulvio;1;1
Gabe;1;2
Gabriel;1;15
Gabriela;2;4
Gabriele;1;1
Gabriella;2;3
Gabrielle;2;10
Gaël;1;8
Gaëlle;2;8
Gaétan;1;8
Gaëtan;1;8
Gaetana;2;1
Gaetane;2;8
Gaetano;1;1
Gage;1;2
Gaia;2;1
Gale;1;2
Galen;1;2
Gallagher;1;2
Gallo;1;1
Gardenia;2;2
Gareth;1;2
Garfield;1;2
Garland;1;2
Garrett;1;2
Garrick;1;2
Garth;1;2
Gary;1;2
Gaspard;1;8
Gaspare;1;1
Gasparo;1;1
Gaston;1;8
Gaubert;1;8
Gautier;1;8
Gavin;1;2
Gavino;1;1
Gay;2;2
Gaylord;1;2
Gaynor;2;2
Gebbert;1;4
Gebhard;1;4
Geena;2;2
Geltrude;2;1
Gemma;2;3
Gene;1;3
Genesis;2;2
Geneva;2;2
Genevieve;2;2
Geneviève;2;8
Genie;2;2
Gennarino;1;1
Gennaro;1;1
Genoveffa;2;1
Geoff;1;10
Geoffrey;1;10
Geordie;1;2
Georg;1;4
George;1;2
Georges;1;8
Georgette;2;8
Georgia;2;2
Georgie;3;2
Georgina;2;6
Georgine;2;8
Gerald;1;6
Gérald;1;8
Geraldine;2;2
Géraldine;2;8
Gerard;1;2
Gérard;1;8
Gerardo;1;1
Géraud;1;8
Gerd;1;4
Gerda;2;4
Gereon;1;4
Gerfried;1;4
Gerhard;1;4
Gerhardt;1;4
Gerhild;2;4
Gerlinde;2;4
Germain;1;8
Germaine;2;8
German;1;2
Germana;2;1
Germano;1;1
Gernot;1;4
Gerolamo;1;1
Gerold;1;4
Geronimo;1;1
Gerry;3;2
Gert;1;4
Gertrude;2;7
Gerulf;1;4
Gervais;1;8
Gervaise;2;8
Gervas;1;4
Gervase;1;2
Gervasio;1;1
Gessica;2;1
Gherardo;1;1
Ghislain;1;8
Ghislaine;2;8
Ghyslain;1;8
Ghyslaine;1;8
Giachetta;2;1
Giacinta;2;1
Giacinto;1;1
Giacobbe;1;1
Giacomo;1;1
Giada;2;1
Giambattista;1;1
Giampaolo;1;1
Giampiero;1;1
Giancarlo;1;1
Gianfranco;1;1
Gianluca;1;1
Gianluigi;1;1
Gianmarco;1;1
Gianmaria;1;1
Gianna;2;1
Gianni;1;1
Giannina;2;1
Giannino;1;1
Gideon;1;2
Giffard;1;2
Gil;1;2
Gilbert;1;14
Gilberta;2;1
Gilberte;2;8
Gilberto;1;1
Gilda;2;1
Giles;1;2
Gilles;1;8
Gillian;2;2
Gina;2;3
Ginette;2;8
Ginevra;2;1
Ginger;2;2
Gino;1;1
Gioacchino;1;1
Gioachino;1;1
Gioconda;2;1
Gioia;2;1
Gionata;1;1
Giordano;1;1
Giorgia;2;1
Giorgina;2;1
Giorgino;1;1
Giorgio;1;1
Giosetta;2;1
Giosuè;1;1
Giotto;1;1
Giovanna;2;1
Giovannetta;2;1
Giovanni;1;1
Giraldo;1;1
Girolamo;1;1
Gisbert;1;4
Gisela;2;4
Gisèle;2;8
Gisella;2;1
Giselle;2;10
Gitta;2;4
Gitte;2;4
Giuditta;2;1
Giulia;2;1
Giuliana;2;1
Giuliano;1;1
Giulietta;2;1
Giulio;1;1
Giuseppa;2;1
Giuseppe;1;1
Giuseppina;2;1
Giustina;2;1
Giustino;1;1
Gladwin;1;2
Gladys;2;2
Glanville;1;2
Glauco;1;1
Glenda;2;3
Glenn;1;2
Gloria;2;7
Glory;2;2
Goddard;1;2
Godfrey;1;2
Goffredo;1;1
Goldie;2;2
Goodwin;1;2
Gordon;1;2
Gore;1;2
Gosse;1;2
Gottfried;1;4
Gotthard;1;4
Gotthilf;1;4
Gotthold;1;4
Gottlieb;1;4
Gottlob;1;4
Gottschalk;1;4
Grace;2;2
Gracelyn;2;2
Gracie;2;2
Grady;1;2
Graham;1;2
Grant;1;2
Granville;1;2
Gratia;2;4
Gratien;1;8
Gray;1;2
Grayson;1;2
Grazia;2;1
Graziana;2;1
Graziano;1;1
Graziella;2;1
Greer;3;2
Greg;1;2
Grégoire;1;8
Gregor;1;4
Gregorio;1;1
Gregory;1;2
Gresham;1;2
Greta;2;7
Gretchen;2;6
Grete;2;4
Gretel;2;4
Grier;1;2
Griffin;1;2
Griselda;2;3
Grosvenor;1;2
Grover;1;2
Gualtiero;1;1
Guatier;1;8
Gudrun;2;4
Guenièvre;2;8
Guerino;1;1
Guglielmo;1;1
Guido;1;5
Guillaume;1;8
Gunda;2;4
Gundula;2;4
Guntram;1;4
Gus;1;2
Gustaf;1;4
Gustav;1;4
Gustave;1;8
Gustavo;1;1
Guy;1;10
Gwen;2;2
Gwenaël;1;8
Gwenaëlle;2;8
Gwenda;2;2
Gwendoline;2;8
Gwyneth;2;2
Gypsy;2;2
Hadley;3;2
Hagen;1;4
Hal;1;2
Hale;1;2
Hall;1;2
Hallam;1;2
Halle;2;2
Hamilton;1;2
Hammond;1;2
Hank;1;2
Hanna;2;4
Hannah;2;14
Hanne;2;4
Hannelore;2;4
Hans;1;4
Happy;3;2
Harald;1;4
Harding;1;2
Hardy;1;2
Harlan;1;2
Harley;3;2
Harlow;3;2
Harmon;1;2
Harmony;2;2
Harold;1;2
Harper;3;2
Harriet;2;2
Harris;1;2
Harrison;1;2
Harry;1;2
Hartley;1;2
Hartmann;1;4
Hartmut;1;4
Hartwig;1;4
Hartwin;1;4
Harve;1;2
Harvey;1;2
Haven;3;2
Hayden;3;2
Haydn;1;2
Hayley;2;2
Haywood;1;2
Haze;2;2
Hazel;2;2
Heath;1;2
Heather;2;2
Heaven;2;2
Hector;1;10
Hedwig;2;4
Heidi;2;6
Heike;3;4
Heinrich;1;4
Heinrike;2;4
Heinz;1;4
Helen;2;2
Helena;2;6
Helene;2;4
Hélène;2;8
Helga;2;4
Helge;1;4
Helma;2;4
Helmfried;1;4
Helmut;1;4
Helmuth;1;4
Héloïse;2;8
Henderson;1;2
Hendrik;1;4
Henri;1;8
Henrietta;2;2
Henriette;2;12
Henrike;2;4
Henry;1;2
Hepsie;2;2
Herbert;1;14
Hercule;1;8
Heribert;1;4
Herman;1;2
Hermann;1;4
Hermenegild;1;4
Hermine;2;12
Hertha;2;4
Hervé;1;8
Hieronymus;1;4
Hilaire;1;8
Hilary;3;2
Hilbert;1;4
Hilda;2;6
Hilde;2;4
Hildebert;1;4
Hildebrand;1;4
Hildegard;2;4
Hildegarde;2;4
Hildred;3;2
Hiltraud;2;4
Hiltrud;2;4
Hiltrude;2;4
Hippolyte;1;8
Hiram;1;2
Holden;1;2
Hollis;3;2
Homer;1;2
Honey;2;2
Honoré;1;8
Honorine;2;8
Honour;2;2
Hope;2;2
Horace;1;10
Horatio;1;2
Horst;1;4
Hortense;2;10
Howard;1;2
Hoyt;1;2
Hubert;1;14
Hubertus;1;4
Hudson;1;2
Hugh;1;2
Hugo;1;6
Hugues;1;8
Huguette;2;8
Hulda;2;4
Humbert;1;14
Humphrey;1;2
Hunter;3;2
Hyacinthe;3;8
Iacopo;1;1
Ian;1;2
Ida;2;7
Iggy;1;2
Ignace;1;8
Ignatz;1;4
Ignazio;1;1
Igor;1;1
Ike;1;2
Ilaria;2;1
Ilario;1;1
Ilbert;1;2
Ilda;2;1
Ilenia;2;1
Ilona;2;4
Ilsa;2;4
Ilse;2;4
Imelda;2;1
Immacolata;2;1
Immanuel;1;4
Imogen;2;2
Ina;2;6
India;2;2
Indiana;3;2
Indigo;3;2
Ines;2;3
Inès;2;8
Inez;2;2
Inga;2;4
Ingeborg;2;4
Ingeburg;2;4
Ingo;1;4
Ingolf;1;4
Ingomar;1;4
Ingram;1;2
Ingrid;2;4
Inka;2;4
Innocenzo;1;1
Iolanda;2;1
Iona;2;2
Ione;2;2
Ippolito;1;1
Ira;1;2
Ireland;2;2
Irene;2;7
Irène;2;8
Irénée;1;8
Iris;2;15
Irma;2;7
Irmentrud;2;4
Irmhild;2;4
Irmingard;2;4
Irmtraud;2;4
Irving;1;2
Irwin;1;2
Isa;2;5
Isaac;1;2
Isaak;1;4
Isabel;2;14
Isabella;2;7
Isabelle;2;14
Isadora;2;3
Isaia;1;1
Isaiah;1;2
Isaure;2;8
Isidor;1;4
Isidora;2;3
Isidore;1;10
Isidoro;1;1
Isolde;2;7
Isotta;2;1
Israel;1;2
Itala;2;1
Italia;2;1
Italo;1;1
Ivan;1;3
Ivo;1;5
Ivonne;2;5
Ivor;1;2
Ivy;2;2
Jacinthe;2;8
Jack;1;2
Jackie;2;2
Jackson;1;2
Jacob;1;2
Jacopo;1;1
Jacqueline;2;10
Jacques;1;8
Jacquetta;2;2
Jacquette;2;8
Jada;2;2
Jade;2;10
Jaden;3;2
Jakob;1;4
James;1;2
Jameson;1;2
Jamey;3;2
Jamie;3;2
Jan;1;4
Jana;2;4
Jane;2;2
Janelle;2;2
Janessa;2;2
Janet;2;2
Janice;2;2
Janina;2;4
Janine;2;2
Janis;2;2
Janna;2;2
Jared;1;2
Jaron;1;2
Jarvis;1;2
Jasmin;2;4
Jasmine;2;10
Jason;1;10
Jasper;1;2
Jay;1;2
Jayla;2;2
Jaylee;2;2
Jaylene;2;2
Jaylyn;2;2
Jean;1;8
Jean-Baptiste;1;8
Jeanette;2;10
Jeanine;2;10
Jean-Marie;1;8
Jeanne;2;8
Jeannette;2;10
Jeannine;2;10
Jeannot;1;8
Jeff;2;2
Jefferson;1;2
Jeffrey;1;2
Jen;2;2
Jenna;2;2
Jennie;2;2
Jennifer;2;2
Jenny;2;2
Jeremiah;1;2
Jeremias;1;4
Jérémie;1;8
Jeremy;1;2
Jerome;1;2
Jérôme;1;8
Jerry;3;2
Jess;3;2
Jessica;2;15
Jessie;3;2
Jessika;2;7
Jett;1;2
Jewel;3;2
Jill;2;2
Jim;1;2
Jimmie;1;2
Jimmy;1;2
Jinny;2;2
Joachim;1;12
Joan;2;2
Joandra;2;2
Joanie;2;2
Joanna;2;2
Jobeth;2;2
Joceline;2;8
Jocelyn;3;10
Jocelyne;2;8
Jody;3;2
Joe;1;2
Joel;1;2
Joël;1;8
Joella;2;2
Joelle;2;2
Joëlle;2;8
Joey;3;2
Johann;1;4
Johanna;2;6
Johannes;1;4
John;1;2
Johnny;1;2
Jojo;3;2
Jolanda;2;1
Jolene;2;2
Jolie;2;2
Jonah;1;2
Jonas;1;4
Jonathan;1;15
Jonelle;2;2
Jonette;2;2
Jonquil;2;2
Jools;3;2
Jordan;3;2
Jordana;2;2
Jördis;2;4
Jörg;1;4
Jorie;2;2
Josée;2;8
Josef;1;4
Josefine;2;4
Joseph;1;14
Josepha;2;4
Josèphe;2;8
Josephine;2;6
Joséphine;2;8
Josette;2;8
Josh;1;2
Joshua;1;2
Josiah;1;2
Josiane;2;8
Joss;3;2
Josse;1;8
Josué;1;8
Jourdain;1;8
Joy;2;2
Joyce;3;2
Judd;1;2
Jude;1;2
Judi;2;2
Judicaël;1;8
Judie;2;2
Judith;2;14
Judy;2;2
Jules;3;2
Jules;1;8
Julia;2;6
Julian;1;6
Juliana;2;6
Juliane;2;12
Julianne;2;2
Julie;2;8
Julien;1;8
Julienne;2;8
Juliet;2;2
Juliette;2;8
Julius;1;6
June;2;2
Junior;1;2
Juniper;2;2
Jürgen;1;4
Juste;1;8
Justice;3;2
Justin;1;10
Justina;2;2
Justine;2;14
Justus;1;4
Justy;3;2
Jutta;2;4
Jutte;2;4
Kai;1;4
Karen;2;6
Karin;2;6
Karina;2;6
Karl;1;6
Karla;2;4
Karlmann;1;4
Karola;2;4
Karolina;2;4
Karoline;2;4
Karsten;1;4
Kasimir;1;4
Kasimira;2;4
Kaspar;1;4
Katarina;2;4
Katarine;2;4
Kate;2;2
Katharina;2;4
Katherina;2;4
Katherine;2;6
Kathleen;2;2
Kathlyn;2;2
Kathy;2;2
Katia;2;1
Katie;2;2
Katinka;2;4
Katja;2;4
Katrina;2;4
Katy;2;2
Kay;2;2
Kayetan;1;4
Kayla;2;2
Kaylee;2;2
Kaylyn;2;2
Keanna;2;2
Keaton;1;2
Keegan;1;2
Keila;2;2
Keir;1;2
Keith;1;2
Kelly;3;2
Kelsey;3;2
Kelvin;1;2
Kemp;1;2
Ken;1;2
Kendall;3;2
Kendra;2;2
Kendrick;1;2
Kenelm;1;2
Kennard;1;2
Kennedy;3;2
Kenneth;1;2
Kenny;1;2
Kent;1;2
Kenton;1;2
Kenya;2;2
Kenyon;1;2
Kenzie;3;2
Kerensa;2;2
Kermit;1;2
Kerr;1;2
Kerry;3;2
Kestrel;2;2
Kevin;1;14
Kiaran;1;2
Kiefer;1;2
Kiki;2;6
Kilian;1;4
Kim;3;2
Kimball;1;2
Kimberly;2;2
King;1;2
Kingsley;1;2
Kingston;1;2
Kinley;2;2
Kinsley;2;2
Kipling;1;2
Kira;2;2
Kirby;1;2
Kirk;1;2
Kirsten;2;2
Kitty;2;2
Klaas;1;4
Klara;2;4
Klaus;1;4
Klemens;1;4
Knox;1;2
Knut;1;4
Koloman;1;4
Konrad;1;4
Konstantin;1;4
Konstanze;2;4
Kora;2;4
Korbinian;1;4
Kornelia;2;4
Kreszentia;2;4
Kreszenz;2;4
Kriemhild;2;4
Kriemhilde;2;4
Krimhilde;2;4
Kris;3;2
Krista;2;4
Kristiane;2;4
Kristin;2;6
Kristina;2;6
Kristine;2;4
Kristy;2;2
Kunibert;1;4
Kunigunde;2;4
Kurt;1;6
Kyla;2;2
Kyle;1;2
Kylie;2;2
Kynaston;1;2
Lacey;3;2
Lachlan;1;2
Lacy;3;2
Ladislao;1;1
Laetitia;2;8
Laird;1;2
Lake;1;2
Lalia;2;2
Lamar;1;2
Lambert;1;14
Lamberto;1;1
Lamont;1;2
Lana;2;2
Lance;1;2
Landon;1;2
Lane;1;2
Lanford;1;2
Lapo;1;1
Lara;2;15
Lark;2;2
Larrie;1;2
Larry;1;2
Lars;1;4
Laura;2;7
Laure;2;8
Laureen;2;2
Laurel;2;2
Lauren;2;2
Laurence;1;2
Laurence;2;8
Laurent;1;8
Laurentin;1;8
Laurentine;2;8
Laurenz;1;4
Lauressa;2;2
Lauretta;2;1
Laurette;2;8
Laurine;2;8
Lauro;1;1
Lavender;2;2
Laverne;3;2
Lavonne;2;2
Lawrence;1;2
Lawson;1;2
Layla;2;2
Layton;1;2
Lazare;1;8
Lazzaro;1;1
Lea;2;5
Léa;2;8
Leah;2;2
Leandra;2;1
Léandre;1;8
Leandro;1;1
Leann;2;2
Leanne;2;2
Leberecht;1;4
Lee;3;2
Leeann;2;2
Leith;1;2
Leland;1;2
Lelia;2;1
Lelio;1;1
Lemoine;1;2
Len;1;2
Lena;2;7
Lene;2;4
Lennie;1;2
Lennon;1;2
Lennox;1;2
Lenny;1;2
Lenox;1;2
Leo;1;7
Léo;1;8
Leola;2;2
Leon;1;6
Léon;1;8
Leona;2;6
Leonard;1;6
Léonard;1;8
Leonarda;2;1
Leonardo;1;1
Léonce;1;8
Leone;1;1
Léone;2;8
Leonhard;1;4
Léonide;3;8
Leonie;2;4
Léonie;2;8
Léonne;2;8
Leonore;2;4
Leontina;2;1
Léontine;2;8
Leonzio;1;1
Leopold;1;6
Léopold;1;8
Léopoldine;2;8
Leopoldo;1;1
Leroy;1;2
Les;1;2
Leslie;3;2
Lester;1;2
Leta;2;2
Letitia;2;2
Letizia;2;1
Levi;1;2
Lewin;1;2
Lewis;1;2
Lex;1;2
Lexa;2;2
Lexi;2;2
Lexus;2;2
Lexy;2;2
Leyton;1;2
Lia;2;1
Liam;1;2
Liana;2;3
Liane;2;4
Libby;2;2
Liberatore;1;1
Liberty;2;2
Liboria;2;1
Liborio;1;1
Liddy;2;2
Lidia;2;1
Lilac;2;2
Lili;2;12
Liliana;2;3
Liliane;2;8
Lilibet;2;2
Lilibeth;2;2
Lilli;2;12
Lillian;2;10
Lilly;2;2
Lily;2;2
Lina;2;3
Lincoln;1;2
Linda;2;7
Lindsay;3;2
Linford;1;2
Linnaea;2;2
Lino;1;1
Linus;1;4
Linwood;1;2
Lionel;1;8
Lisa;2;7
Lise;2;10
Liselotte;2;4
Lisette;2;10
Lissa;2;2
Lita;2;2
Liv;2;2
Livia;2;3
Liviana;2;1
Livio;1;1
Liz;2;2
Liza;2;2
Lizzy;2;2
Lloyd;1;2
Lodovico;1;1
Logan;3;2
Loïc;1;8
Lois;2;2
Lola;2;3
London;3;2
Lora;2;3
Loredana;2;1
Loreen;2;2
Loren;2;2
Lorena;2;3
Lorene;2;2
Lorenz;1;4
Lorenza;2;1
Lorenzo;1;1
Loreta;2;3
Loretta;2;3
Lorette;2;8
Loris;1;1
Lorita;2;1
Lorna;2;2
Lorne;1;2
Lorraine;2;2
Lotario;1;1
Lothaire;1;8
Lothar;1;4
Lotte;2;4
Lottie;2;2
Lotus;2;2
Lou;3;10
Louella;2;2
Louis;1;10
Louisa;2;6
Louise;2;14
Louisette;2;8
Loup;1;8
Love;2;2
Lowell;1;2
Luana;2;3
Luc;1;8
Luca;1;5
Lucas;1;10
Luce;2;9
Lucette;2;8
Lucia;2;7
Lucian;1;2
Luciana;2;1
Luciano;1;1
Lucie;2;8
Lucien;1;8
Lucienne;2;8
Lucilio;1;1
Lucilla;2;1
Lucille;2;10
Lucinda;2;2
Lucinde;2;8
Lucio;1;1
Lucius;1;2
Lucky;1;2
Lucrèce;3;8
Lucrezia;2;1
Lucy;2;2
Ludger;1;4
Ludivine;2;8
Ludolf;1;4
Ludovic;1;8
Ludovica;2;1
Ludovico;1;1
Ludwig;1;4
Luigi;1;1
Luigia;2;1
Luigina;2;1
Luigino;2;1
Luisa;2;1
Luise;2;4
Luisella;2;1
Luitgard;2;4
Luitger;1;4
Luitpold;1;4
Lukas;1;4
Luke;1;2
Lula;2;2
Lulu;2;4
Lutgard;2;4
Luther;1;2
Lutz;1;4
Lyall;1;2
Lydia;2;6
Lydie;2;8
Lyle;1;2
Lyndon;1;2
Lynette;2;2
Lynn;3;2
Lyric;2;2
Mabel;2;2
Mack;1;2
Mackenzie;3;2
Macy;2;2
Maddalena;2;1
Maddie;2;2
Maddox;1;2
Maddy;2;2
Madeleine;2;10
Madeline;2;10
Madison;3;2
Madonna;2;2
Maël;1;8
Maëlle;2;8
Maëlys;2;8
Maeva;2;8
Mafalda;2;1
Magalie;2;8
Magda;2;4
Magdalena;2;6
Magdalene;2;6
Magnolia;2;2
Mahala;2;2
Mahaut;2;8
Maike;2;4
Maitland;1;2
Maja;2;4
Major;1;2
Malachi;1;2
Malandra;2;2
Malcolm;1;2
Mallory;2;2
Malone;1;2
Malte;1;4
Malvina;2;2
Mandi;2;2
Mandy;2;2
Manfred;1;4
Manfredo;1;1
Manfried;1;4
Manley;1;2
Manlio;1;1
Manny;1;2
Manon;2;8
Manuel;1;7
Manuela;2;5
Manuele;1;1
Marc;1;8
Marcel;1;12
Marceline;2;8
Marcella;2;5
Marcelle;2;8
Marcellin;1;8
Marcelline;2;8
Marcellino;1;1
Marcello;1;1
Marcellus;1;4
Marcia;2;2
Marco;1;5
Marcus;1;2
Margaret;2;2
Margareta;2;4
Margarete;2;4
Margaretha;2;4
Margarethe;2;4
Marge;2;2
Margherita;2;1
Margie;2;2
Margot;2;8
Margrit;2;4
Marguerite;2;8
Maria;2;7
Mariangela;2;1
Marianna;2;3
Marianne;2;14
Mariano;1;1
Marica;2;1
Marida;2;1
Marie;2;14
Mariele;2;5
Mariella;2;1
Marielle;2;8
Marietta;2;1
Mariette;2;8
Marigold;2;2
Marika;2;1
Marilena;2;1
Marilène;2;8
Marilou;2;10
Marilyn;2;2
Marin;1;8
Marina;2;5
Marine;2;8
Marinella;2;1
Marino;1;1
Mario;1;1
Marion;2;10
Marisa;2;3
Marise;2;8
Marissa;2;2
Maristella;2;1
Marita;2;4
Marius;1;12
Marjolaine;2;8
Mark;1;2
Markus;1;4
Marla;2;2
Marlene;2;7
Marlène;2;8
Marley;2;2
Marlies;2;4
Marlis;2;4
Marlon;1;2
Marlowe;1;2
Marmaduke;1;2
Marshall;1;2
Marta;2;1
Martha;2;2
Marthe;2;12
Martin;1;14
Martina;2;7
Martine;2;8
Martino;1;1
Marva;2;2
Marvin;1;6
Marwin;1;4
Mary;2;2
Maryann;2;2
Maryanne;2;2
Marybeth;2;2
Marylou;2;2
Marzell;1;4
Marzia;2;1
Marzio;1;1
Mason;1;2
Massimiliano;1;1
Massimo;1;1
Mathias;1;12
Mathieu;1;8
Mathilde;2;12
Mathis;1;12
Matilda;2;2
Matilde;2;1
Matt;1;2
Matteo;1;1
Matthäus;1;4
Matthew;1;2
Matthias;1;12
Matthieu;1;8
Mattia;1;1
Mattias;1;12
Maud;2;2
Maura;2;3
Maurice;1;10
Maurizio;1;1
Mauro;1;1
Maverick;1;2
Mavis;2;2
Max;1;7
Maxence;1;8
Maxime;1;8
Maximilian;1;6
Maximiliane;2;4
Maximilien;1;8
Maximilienne;2;8
Maxine;2;2
Maxwell;1;2
May;2;2
Maya;2;2
Maybelline;2;2
Maylis;2;8
Maynard;1;2
Meadow;2;2
Meg;2;2
Megan;2;2
Meike;2;4
Meine;1;4
Meinhard;1;4
Mel;3;2
Melania;2;1
Melanie;2;6
Mélanie;2;8
Melany;2;2
Melba;2;2
Melchiorre;1;1
Melina;2;10
Melinda;2;2
Méline;2;8
Mélisande;2;8
Melissa;2;3
Mélissa;2;8
Melody;2;2
Melville;1;2
Melvin;1;2
Mercy;2;2
Meredith;3;2
Merit;1;2
Meriwether;1;2
Merlin;1;2
Merrill;1;2
Merritt;1;2
Merton;1;2
Mervyn;1;2
Meta;2;4
Mia;2;7
Micaela;2;1
Micah;1;2
Michael;1;7
Michaël;1;8
Michaela;2;6
Michel;1;8
Michela;2;1
Michelangela;2;1
Michelangelo;1;1
Michele;1;1
Michèle;2;8
Michelina;2;1
Micheline;2;8
Michelle;2;11
Mick;1;2
Mickaël;1;8
Micky;1;2
Mike;1;2
Mikey;1;2
Milburn;1;2
Mildred;2;2
Milena;2;1
Miles;1;2
Miley;2;2
Milford;1;2
Millard;1;2
Millicent;2;2
Milly;2;2
Milo;1;3
Milton;1;2
Mina;2;3
Mindy;2;2
Minerva;2;3
Minna;2;4
Minnie;2;2
Minty;2;2
Mirabella;2;1
Mirabelle;2;10
Miracle;2;2
Miranda;2;3
Mireille;2;8
Mirella;2;1
Miriam;2;7
Missie;2;2
Missy;2;2
Misty;2;2
Mitch;1;2
Mitchell;1;2
Modeste;3;8
Modestine;2;8
Modesto;1;1
Modesty;2;2
Moe;1;2
Molly;2;2
Mona;2;2
Monday;2;2
Monia;2;1
Monica;2;3
Monika;2;7
Monique;2;8
Monroe;1;2
Montague;1;2
Montana;3;2
Montgomery;1;2
Moreen;2;2
Morgan;3;11
Morgana;2;3
Morgane;2;8
Moriah;2;2
Moritz;1;4
Morley;1;2
Morris;1;2
Mortimer;1;2
Morton;1;2
Moses;1;2
Muriel;2;11
Murphy;3;2
Murray;1;2
Mylène;2;8
Myra;2;2
Myriam;2;8
Myron;1;2
Myrtle;2;2
Nadège;2;8
Nadia;2;11
Nadine;2;8
Nadja;2;4
Naldo;1;1
Nancy;2;2
Naomi;2;3
Narcisa;2;1
Narciso;1;1
Narcisse;3;8
Narelle;2;2
Nash;1;2
Natacha;2;8
Natale;1;1
Natalia;2;1
Natalie;2;14
Natanaele;1;1
Natascia;2;1
Natasha;2;3
Nate;1;2
Nathalie;2;14
Nathan;1;10
Nathanaël;1;8
Nathaniel;1;2
Nazaire;1;8
Nazareno;1;1
Nazario;1;1
Nazzareno;1;1
Neal;1;2
Ned;1;2
Neil;1;2
Nelda;2;2
Nell;2;2
Nella;2;1
Nelly;2;2
Nelson;1;2
Nerea;2;1
Nereo;1;1
Nerina;2;1
Nerio;1;1
Nero;1;1
Nestore;1;1
Neva;2;3
Nevada;2;2
Neville;1;2
Nevio;1;1
Newton;1;2
Niccolò;1;1
Nicéphore;1;8
Nicholas;1;10
Nick;1;2
Nicky;3;2
Nico;1;5
Nicodème;1;8
Nicodemo;1;1
Nicola;1;5
Nicolas;1;8
Nicolaus;1;4
Nicole;2;15
Nicoletta;2;1
Nicolina;2;1
Nicolò;1;1
Nicomede;1;1
Nicostrato;1;1
Nigel;1;2
Nigella;2;2
Nikki;3;2
Niklaus;1;4
Nikola;2;4
Nikolaus;1;4
Nina;2;15
Nino;1;1
Nita;2;2
Nives;2;1
Noah;1;2
Noble;1;2
Noé;1;9
Noel;1;2
Noël;1;8
Noèle;2;8
Noella;2;8
Noelle;2;2
Noëlle;2;8
Noemi;2;1
Noémie;2;8
Nola;2;2
Nolan;1;2
Nora;2;5
Norah;2;2
Norbert;1;14
Norina;2;1
Norma;2;3
Norman;1;2
Norris;1;2
Norton;1;2
Norwood;1;2
Nova;2;2
Nunzia;2;1
Nunziatina;2;1
Nunzio;1;1
Nydia;2;2
Nyree;2;2
Ocean;3;2
Océane;2;8
Octavia;2;2
Oddo;1;1
Odelia;2;2
Odell;3;2
Odetta;2;2
Odette;2;8
Odile;2;8
Odilon;1;8
Ofelia;2;1
Ogden;1;2
Olaf;1;4
Olga;2;5
Olimpia;2;1
Olive;2;2
Oliver;1;6
Olivia;2;7
Olivie;2;8
Olivier;1;8
Oliviero;1;1
Olympe;2;8
Omar;1;3
Oneida;2;2
Onésime;1;8
Opal;2;2
Ophelia;2;2
Ophélie;2;8
Oral;1;4
Orazio;1;1
Orfeo;1;1
Oria;2;1
Oriana;2;1
Oriane;2;8
Orianne;2;8
Orlanda;2;1
Orlando;1;1
Ornella;2;1
Orsina;2;1
Orsino;1;1
Orso;1;1
Orsola;2;1
Orson;1;2
Ortrun;2;4
Ortwin;1;4
Orville;1;2
Osanna;2;1
Osborn;1;2
Osborne;1;2
Osbourne;1;2
Oscar;1;3
Oskar;1;4
Osmond;1;2
Osvaldo;1;1
Oswald;1;6
Othmar;1;4
Otis;1;3
Otmar;1;4
Ottavia;2;1
Ottaviano;1;1
Ottavio;1;1
Ottilie;2;4
Ottmar;1;4
Otto;1;6
Ottokar;1;4
Ottomar;1;4
Ottone;1;1
Ottorino;1;1
Ovidio;1;1
Owen;1;2
Pacey;1;2
Paden;1;2
Paige;2;2
Paisley;2;2
Palmer;1;2
Palmira;2;1
Palmiro;1;1
Pamela;2;3
Pancrazio;1;1
Panfilo;1;1
Pankraz;1;4
Pansy;2;2
Pantaleone;1;1
Paola;2;1
Paolina;2;1
Paolino;1;1
Paolo;1;1
Paride;1;1
Parker;3;2
Parris;3;2
Parsifal;1;4
Pascal;1;12
Pascale;2;8
Pascaline;2;8
Pasquale;1;1
Pasqualina;2;1
Pasqualino;1;1
Patience;2;2
Patrice;1;8
Patricia;2;6
Patrick;1;14
Patrizia;2;1
Patrizio;1;1
Patsy;3;2
Patton;1;2
Patty;2;2
Paul;1;14
Paula;2;6
Paule;2;8
Paulette;2;8
Paulina;2;2
Pauline;2;14
Paxton;1;2
Peace;2;2
Pearl;3;2
Peg;2;2
Peggie;2;2
Peggy;2;2
Pellegrino;1;1
Penelope;2;3
Pénélope;2;8
Penny;2;2
Peppa;2;1
Peppe;1;1
Peppi;1;1
Peppina;2;1
Percival;1;2
Percy;1;2
Peregrine;1;2
Perla;2;1
Perlita;2;1
Perrine;2;8
Perry;1;2
Pete;1;2
Peter;1;6
Petra;2;7
Petronilla;2;1
Pétronille;2;8
Petrus;1;4
Petula;2;2
Petunia;2;2
Peyton;3;2
Phil;1;2
Philadelphia;2;2
Philibert;1;8
Philip;1;2
Philipp;1;4
Philippa;2;4
Philippe;1;8
Phillip;1;2
Philomena;2;6
Philomène;2;8
Phoebe;2;2
Phoenix;3;2
Phyllida;2;2
Phyllis;2;2
Pia;2;5
Piera;2;1
Pierce;1;2
Pierina;2;1
Piero;1;1
Pierre;1;8
Pierrette;2;8
Pietra;2;1
Pietro;1;1
Pina;2;1
Pino;1;1
Pio;1;1
Piper;2;2
Pippa;2;2
Placid;1;2
Placida;2;1
Placide;3;8
Placido;1;1
Plinio;1;1
Pollie;2;2
Polly;2;2
Pompeo;1;1
Ponzio;1;1
Poppy;2;2
Porfirio;1;1
Porsche;2;2
Porter;1;2
Portia;2;2
Praise;2;2
Precious;2;2
Presley;3;2
Preston;1;2
Primo;1;1
Primrose;2;2
Primula;2;2
Prince;1;2
Princess;2;2
Priscilla;2;3
Priska;2;4
Prosper;1;10
Prospero;1;1
Prudenzio;1;1
Quarto;1;1
Queen;2;2
Quentin;1;10
Quincey;1;2
Quincy;1;2
Quinlan;1;2
Quinn;3;2
Quinto;1;1
Quirin;1;4
Quirino;1;1
Rachel;2;14
Rachele;2;1
Radcliff;1;2
Radiana;2;1
Raeburn;1;2
Raelene;2;2
Raelyn;2;2
Raffaele;1;1
Raffaella;2;1
Raffaello;1;1
Raimonda;2;1
Raimondo;1;1
Raimund;1;4
Raimunde;2;4
Rain;3;2
Rainbow;2;2
Raine;2;2
Rainer;1;4
Rainier;1;8
Raleigh;1;2
Ralf;1;6
Ralph;1;6
Ramona;2;3
Ramsey;1;2
Randall;1;2
Randolf;1;2
Randy;3;2
Raniero;1;1
Raoul;1;9
Raphael;1;14
Raphaël;1;8
Raphaela;2;4
Raphaëlle;2;8
Raquel;2;2
Rastus;1;2
Raul;1;1
Raven;3;2
Ray;1;2
Raylene;2;2
Raymond;1;10
Raymonde;2;8
Reagan;3;2
Rebecca;2;3
Rébecca;2;8
Rebekka;2;4
Red;1;2
Reed;1;2
Regan;2;2
Regina;2;7
Reginald;1;2
Regine;2;4
Régine;2;8
Régis;1;8
Regula;2;4
Reilly;3;2
Reimund;1;4
Reine;2;8
Reiner;1;4
Reinhard;1;4
Reinhilde;2;4
Reinhold;1;4
Rémi;1;8
Remigio;1;1
Remo;1;1
Rémy;1;8
Rena;2;2
Renard;1;8
Renata;2;5
Renate;2;4
Renato;1;1
Renaud;1;8
René;1;12
Renee;2;2
Renée;2;8
Renita;2;2
Renzo;1;1
Reto;1;4
Reuben;1;2
Rex;1;2
Reynard;1;2
Reynaud;1;8
Reynold;1;2
Rhett;1;2
Rhianna;2;2
Rhiannon;2;2
Rhoda;2;2
Rhonda;2;2
Ricarda;2;4
Riccarda;2;1
Riccardo;1;1
Richard;1;14
Richardine;2;2
Richelle;2;2
Richie;1;2
Rick;1;2
Ricky;1;2
Rico;1;1
Ridley;1;2
Rigby;1;2
Rike;2;4
Riley;3;2
Rina;2;1
Rinaldo;1;1
Rino;1;1
Ripley;1;2
Rita;2;7
Ritchie;1;2
River;1;2
Rob;1;2
Robbie;3;2
Robby;3;2
Robert;1;14
Roberta;2;3
Roberto;1;1
Robin;3;2
Rocco;1;1
Roch;1;8
Rochelle;2;2
Rochus;1;4
Rocky;1;2
Rod;1;2
Roderick;1;2
Rodge;1;2
Rodney;1;2
Rodolf;1;4
Rodolfo;1;1
Rodolphe;1;8
Rodrigo;1;1
Rodrigue;1;8
Roger;1;14
Roland;1;14
Rolande;2;8
Rolando;1;1
Rolf;1;6
Rollo;1;2
Romain;1;8
Romaine;2;10
Roman;1;4
Romana;2;1
Romane;2;8
Romano;1;1
Romeo;1;3
Romey;2;2
Romilda;2;1
Romina;2;1
Romola;2;1
Romolo;1;1
Romy;2;6
Ron;1;2
Ronald;1;2
Ronny;1;2
Roosevelt;1;2
Rosa;2;7
Rosabel;2;2
Rosabella;2;1
Rosaire;1;8
Rosalba;2;1
Rosalia;2;1
Rosalie;2;14
Rosalind;2;2
Rosalinda;2;1
Rosamund;2;2
Rosangela;2;1
Rosanna;2;3
Rosanne;2;2
Rosaria;2;1
Rosario;3;3
Roscoe;1;2
Rose;2;10
Rosella;2;1
Roselle;2;8
Rosemarie;2;4
Rosemary;2;2
Rosemonde;2;8
Rosetta;2;1
Ross;1;2
Rossana;2;1
Rossella;2;1
Roswell;1;2
Roswitha;2;4
Rowan;3;2
Rowanne;2;2
Rowena;2;2
Roxana;2;2
Roxane;2;10
Roxanne;2;10
Roy;1;2
Royal;1;2
Royce;1;2
Roydon;1;2
Royle;1;2
Royston;1;2
Ruben;1;8
Rubina;2;1
Ruby;2;2
Rudi;1;4
Rüdiger;1;4
Rudolf;1;4
Rudolph;1;2
Rudy;1;2
Rudyard;1;2
Rue;2;2
Rufino;1;1
Rufus;1;2
Ruggero;1;1
Rupert;1;6
Russ;1;2
Russell;1;2
Rusty;1;2
Rut;2;1
Ruth;2;6
Ryan;1;2
Ryder;1;2
Ryker;1;2
Rylan;1;2
Sabina;2;1
Sabine;2;12
Sabino;1;1
Sable;2;2
Sabrina;2;7
Sacha;3;8
Saffron;2;2
Sage;3;2
Sal;3;2
Salena;2;2
Salina;2;2
Sallie;2;2
Sally;2;2
Salome;2;6
Salomé;2;8
Salomon;1;8
Salvatore;1;1
Salvatrice;2;1
Salvo;1;1
Sam;3;2
Samanta;2;1
Samantha;2;3
Samara;2;2
Sammie;3;2
Sammy;3;2
Sampson;1;2
Samson;1;2
Samuel;1;11
Samuela;2;1
Samuele;1;1
Sandra;2;13
Sandrine;2;8
Sandro;1;1
Sandy;3;2
Sanford;1;2
Sansone;1;1
Santa;2;1
Sante;1;1
Santina;2;1
Santino;1;1
Santo;1;1
Santuzza;2;1
Sapphire;2;2
Sara;2;15
Sarah;2;14
Saranna;2;2
Sarina;2;2
Sascha;3;4
Saskia;2;4
Satchel;3;2
Saturnino;1;1
Saul;1;1
Savanna;2;2
Savannah;2;2
Saveria;2;1
Saverio;1;1
Savina;2;1
Savino;1;1
Savio;1;1
Sawyer;1;2
Saxon;1;2
Scarlet;2;2
Scarlett;2;2
Scevola;1;1
Scholastique;2;8
Schuyler;1;2
Scilla;2;1
Scott;1;2
Scout;2;2
Sean;1;2
Sebastian;1;6
Sebastiana;2;1
Sebastiano;1;1
Sébastien;1;8
Sébastienne;2;8
Sefton;1;2
Ségolène;2;8
Selby;3;2
Selina;2;3
Selma;2;6
Selvaggia;2;1
September;3;2
Sequoia;3;2
Serafina;2;1
Serafino;1;1
Séraphin;1;8
Seraphina;2;2
Séraphine;2;8
Serena;2;3
Serenity;2;2
Serge;1;8
Sergio;1;1
Sesto;1;1
Seth;1;2
Settimio;1;1
Sévère;1;8
Severiano;1;1
Severin;1;4
Séverin;1;8
Severina;2;5
Sévérine;2;8
Severino;1;1
Severo;1;1
Seward;1;2
Seymour;1;2
Shaelyn;2;2
Shan;2;2
Shane;1;2
Shania;2;2
Shannon;3;2
Shaquille;1;2
Sharon;2;2
Sharona;2;2
Shaun;1;2
Shauna;2;2
Shavonne;2;2
Shaw;1;2
Shawn;1;2
Shawna;2;2
Shawnee;2;2
Shaye;2;2
Shaylyn;2;2
Sheard;1;2
Sheena;2;2
Sheila;2;2
Shelby;3;2
Sheldon;1;2
Shelley;3;2
Shelton;1;2
Sheridan;3;2
Sherman;1;2
Sherry;2;2
Sherwood;1;2
Shirley;3;2
Shonda;2;2
Sibilla;2;1
Sibyl;2;2
Sibylle;2;12
Sid;1;2
Sidney;3;2
Sidonie;2;8
Siegbert;1;4
Siegfried;1;4
Sieghard;1;4
Sieghild;2;4
Sieglinde;2;4
Siegmund;1;4
Siegward;1;4
Sienna;2;2
Sierra;2;2
Sigfrido;1;1
Sigismund;1;4
Sigmund;1;2
Sigmund;1;4
Silas;1;2
Silvana;2;1
Silvano;1;1
Silver;1;2
Silvester;1;6
Silvestra;2;1
Silvestro;1;1
Silvia;2;7
Silvio;1;1
Simon;1;14
Simona;2;1
Simone;1;1
Simone;2;10
Simonetta;2;1
Sinclair;1;2
Sissie;2;2
Sissy;2;2
Sisto;1;1
Sky;2;2
Skye;2;2
Skyler;3;2
Slade;1;2
Sloan;1;2
Sloane;1;2
Sly;1;2
Smith;1;2
Sofia;2;1
Solange;2;8
Solène;2;8
Solomon;1;2
Sonia;2;3
Sonja;2;4
Sonny;1;2
Sonya;1;2
Sophia;2;6
Sophie;2;14
Soraya;2;8
Sören;1;4
Sorrel;2;2
Sparrow;3;2
Spencer;1;2
Spike;1;2
Spirit;2;2
Spring;2;2
Stacy;3;2
Stafford;1;2
Stan;1;2
Stanford;1;2
Stanley;1;2
Star;2;2
Stefan;1;4
Stefania;2;1
Stefano;1;1
Steffi;2;4
Stella;2;3
Stephan;1;4
Stéphane;1;8
Stephanie;2;6
Stéphanie;2;8
Stephany;2;2
Stephen;1;2
Sterling;1;2
Steve;1;2
Steven;1;2
Stew;1;2
Stewart;1;2
Stirling;1;2
Storm;3;2
Stu;1;2
Stuart;1;2
Sue;2;2
Suellen;2;2
Sukie;2;2
Sullivan;1;2
Summer;2;2
Sunday;2;2
Sunny;2;2
Sunshine;2;2
Susan;2;2
Susann;2;4
Susanna;2;3
Susanne;2;4
Suse;2;4
Susi;2;6
Susie;2;2
Suzanne;2;2
Suzanne;2;8
Suzette;2;8
Suzi;2;2
Suzie;2;2
Suzy;2;2
Sven;1;4
Svenja;2;4
Sveva;2;1
Swanhild;2;4
Sybille;2;12
Syd;1;2
Sydney;3;2
Sylvain;1;8
Sylvaine;2;8
Sylvestre;1;8
Sylvia;2;2
Sylviane;2;8
Sylvianne;2;8
Sylvie;2;8
Symphony;2;2
Tabatha;2;2
Tabitha;2;2
Tacito;1;1
Taddeo;1;1
Taide;2;1
Talbot;1;2
Tallulah;2;2
Talon;1;2
Tamara;2;3
Tamia;2;2
Tamika;2;2
Tammaro;1;1
Tancredi;1;1
Tania;2;3
Tanja;2;4
Tanner;1;2
Tansy;2;2
Tanya;2;2
Tara;2;2
Taryn;2;2
Tate;1;2
Tatiana;2;7
Tatienne;2;8
Tatjana;2;4
Tatton;1;2
Tatum;2;2
Tawny;2;2
Tayla;2;2
Tayler;3;2
Taylor;3;2
Teagan;3;2
Tecla;2;1
Ted;1;2
Teddy;1;2
Télesphore;1;8
Tempest;2;2
Temple;3;2
Tennyson;1;2
Teo;1;1
Teobaldo;1;1
Teodora;2;1
Teodoro;1;1
Teodosio;1;1
Teofila;2;1
Teofilo;1;1
Tera;2;2
Terence;1;2
Terenzio;1;1
Teresa;2;7
Terrell;1;2
Terzo;1;1
Tess;2;2
Tex;1;2
Thaddeus;1;2
Thane;1;2
Thea;2;6
Theda;2;4
Theirn;1;8
Thekla;2;4
Thelma;2;2
Theo;1;2
Théo;1;8
Theobald;1;2
Theodor;1;4
Theodora;2;2
Theodore;1;2
Théodore;1;8
Theophil;1;4
Théophile;1;8
Theresa;2;6
Thérèse;2;8
Thibault;1;8
Thierry;1;8
Thom;1;2
Thomas;1;14
Thomasina;2;2
Thora;2;4
Thorburn;1;2
Thorley;1;2
Thornton;1;2
Thurstan;1;2
Tia;2;2
Tiara;2;2
Tiedemann;1;4
Tiffany;2;2
Tiger;1;2
Tilo;1;4
Tim;1;6
Timo;1;4
Timoteo;1;1
Timotha;2;2
Timothée;1;8
Timotheus;1;4
Timothy;1;2
Tina;2;3
Tino;1;1
Tito;1;1
Titty;2;2
Titus;1;2
Tiziana;2;1
Tiziano;1;1
Tobias;1;6
Tobin;1;2
Tod;1;2
Todd;1;2
Toinette;2;8
Tom;1;2
Tommaso;1;1
Tommy;1;2
Toni;1;1
Toni;2;2
Tonia;2;3
Tonina;2;1
Tonino;1;1
Tonio;1;1
Tony;1;2
Tonya;2;2
Topaz;2;2
Topsy;2;2
Torben;1;4
Torsten;1;4
Toussaint;1;8
Tracy;3;2
Trafford;1;2
Tranter;1;2
Travers;1;2
Travis;1;2
Treasure;2;2
Trent;1;2
Trenton;1;2
Trevor;1;2
Trey;1;2
Tricia;2;2
Trina;2;2
Trinity;2;2
Trish;2;2
Trisha;2;2
Trista;2;2
Tristan;1;10
Trix;2;2
Trixie;2;2
Troy;1;2
Truman;1;2
Tucker;1;2
Tulia;2;1
Tulio;1;1
Tullia;2;1
Tullio;1;1
Tyler;1;2
Tyrell;1;2
Tyron;1;2
Tyrone;1;2
Tyson;1;2
Uberto;1;1
Udo;1;4
Ugo;1;1
Ulderico;1;1
Ulisse;1;1
Ulric;1;2
Ulrich;1;12
Ulrika;2;4
Ulrike;2;4
Ulyssa;2;2
Ulysses;1;2
Umberto;1;1
Unique;2;2
Unity;2;2
Upton;1;2
Urbain;1;8
Urban;1;4
Urbana;2;1
Urbano;1;1
Urs;1;4
Ursel;2;4
Ursula;1;7
Ute;2;4
Uwe;1;4
Val;3;2
Valentin;1;12
Valentina;2;1
Valentine;1;10
Valentino;1;1
Valère;1;8
Valeria;2;5
Valérian;1;8
Valériane;2;8
Valerie;2;6
Valérie;2;8
Valerio;1;1
Valéry;1;8
Van;1;2
Vance;1;2
Vanessa;2;7
Vanna;2;1
Vanni;1;1
Vasco;1;1
Vaughn;1;2
Veit;1;4
Velda;2;2
Velia;2;1
Velvet;2;2
Venceslao;1;1
Venetia;2;2
Vera;2;7
Vere;1;2
Verena;2;4
Vérène;2;8
Vern;1;2
Verna;2;2
Vernon;1;2
Veronica;2;3
Veronika;2;7
Véronique;2;8
Vespasiano;1;1
Vespasien;1;8
Veva;2;2
Vianne;2;2
Vic;2;2
Vicki;2;2
Vickie;2;2
Vicky;2;2
Vico;1;1
Victoire;2;8
Victor;1;10
Victoria;2;2
Victorine;2;8
Vienne;2;8
Vikki;2;2
Viktor;1;4
Viktoria;2;4
Vilfredo;1;1
Vin;1;2
Vince;1;2
Vincent;1;10
Vincente;1;1
Vincenza;2;1
Vincenzo;1;1
Vinicio;1;1
Vinnie;1;2
Vinny;1;2
Vinzent;1;4
Vinzenz;1;4
Viola;2;3
Violet;2;2
Violetta;2;1
Violette;2;8
Virgil;1;2
Virgilio;1;1
Virginia;2;3
Virginie;2;8
Vita;2;1
Vitale;1;1
Vitalia;2;1
Vito;1;1
Vittore;1;1
Vittoria;2;1
Vittorino;1;1
Vittorio;1;1
Vivian;3;2
Viviana;2;1
Viviane;2;8
Vivianne;2;8
Vivien;1;8
Vivienne;2;8
Wade;1;2
Walburga;2;4
Waldemar;1;4
Waldo;1;6
Walker;1;2
Wallace;1;2
Wally;1;2
Walt;1;2
Walter;1;7
Walton;1;2
Waltraud;2;4
Wanda;2;14
Ward;1;2
Wardell;1;2
Warner;1;2
Warren;1;2
Warwick;1;2
Washington;1;2
Wayland;1;2
Wayne;1;2
Webster;1;2
Weldon;1;2
Wendel;1;4
Wendelin;1;4
Wendell;1;2
Wendy;2;2
Wenzel;1;4
Wenzeslaus;1;4
Werner;1;4
Werther;1;4
Wes;1;2
Wesley;1;2
Weston;1;2
Whitaker;1;2
Whitney;3;2
Wiebe;1;4
Wiebke;2;4
Wieland;1;4
Wilbur;1;2
Wilburn;1;2
Wilda;2;2
Wiley;1;2
Wilford;1;2
Wilfred;1;2
Wilfreda;2;2
Wilfried;1;4
Wilhelm;1;4
Wilhelmina;2;6
Wilhelmine;2;4
Wilkie;1;2
Willard;1;2
Willi;1;4
William;1;3
Willis;1;2
Willoughby;1;2
Willow;2;2
Wilma;2;6
Wilmer;1;2
Wilson;1;2
Wilton;1;2
Windsor;1;2
Winfred;1;2
Winfried;1;4
Winifred;2;2
Winoc;1;8
Winona;2;2
Winslow;1;2
Winston;1;2
Winter;2;2
Winthrop;1;2
Winton;1;2
Wisdom;3;2
Witold;1;4
Wolf;1;6
Wolfgang;1;4
Wolfram;1;4
Woodrow;1;2
Woody;1;2
Wren;2;2
Wright;1;2
Wyatt;1;2
Wystan;1;2
Xaver;1;4
Xavier;1;10
Yanick;3;8
Yann;1;8
Yannic;3;8
Yannick;3;8
Yasmin;1;2
Yasmine;1;2
Yolanda;2;2
Yolande;2;8
Yorick;1;2
York;1;2
Yseult;2;8
Yves;1;8
Yvette;2;10
Yvonne;2;10
Zach;1;2
Zachariah;1;2
Zacharie;1;8
Zachary;1;2
Zack;1;2
Zackary;1;2
Zackery;1;2
Zaira;2;1
Zara;2;2
Zed;1;2
Zeke;1;2
Zelda;2;2
Zena;2;2
Zénaïde;2;8
Zéphyrine;2;8
Zita;2;5
Zoe;2;3
Zoé;2;8
Zoey;2;2
Zola;2;2
Zula;2;2